sequence,charge,spectral file,time point,replicate,MAG,taxonomy,RT,Dm,RIA,0,0.05,0.1,0.15,0.2,0.25,0.3,0.35,0.4,0.45,0.5,0.55,0.6,0.65,0.7,0.75,0.8,0.85,0.9,0.95,1
VTGPVLAELFLGTITK,2,190615_NJ_Taubert_13CT1B.raw,1,B,MAG_1,,108.34-108.70,0.000 ppm,0.587,5.94E-09,5.11E-08,3.68E-06,5.52E-05,0.000395557,0.002298378,0.011048249,0.042309176,0.126595056,0.289123182,0.50051301,0.670505012,0.70987868,0.594612596,0.38221064,0.175285088,0.050514639,0.007173911,0.000260053,1.75E-07,0
VTGPVLAELFLGTITK,2,190615_NJ_Taubert_13CT1C.raw,1,C,MAG_1,,108.49-108.81,0.836 ppm,0.427,5.47E-06,1.29E-05,0.000304471,0.005221222,0.036846919,0.137197457,0.316337777,0.50649848,0.618220011,0.622527528,0.540818727,0.404403293,0.254570208,0.129162763,0.048925736,0.012713828,0.001905254,8.76E-05,2.29E-07,2.21E-13,0
VTGPVLAELFLGTITK,2,190615_NJ_Taubert_13CT2A.raw,2,A,MAG_1,,108.58-108.91,0.113 ppm,0.734,6.33E-07,1.72E-06,0.000252761,0.001378108,0.002502933,0.003285573,0.00458751,0.008072752,0.017108953,0.038152001,0.081558324,0.162084473,0.296921985,0.488859443,0.678114856,0.718058762,0.513891909,0.206674928,0.032218173,0.000681725,0
VTGPVLAELFLGTITK,2,190615_NJ_Taubert_13CT2C.raw,2,C,MAG_1,,108.50-108.94,0.000 ppm,0.727,1.14E-05,0.00370153,0.006892528,0.006433031,0.004208213,0.003336931,0.004433961,0.008311967,0.017739808,0.038931843,0.083394975,0.169124818,0.314864753,0.512761072,0.685371492,0.692164184,0.473349014,0.184264729,0.028897496,0.000655761,0
VTGPVLAELFLGTITK,2,190615_NJ_Taubert_13CT3B.raw,3,B,MAG_1,,108.43-108.79,-0.128 ppm,0.454,5.04E-05,0.00021602,0.007540893,0.038178913,0.096639107,0.185399489,0.293416134,0.401735792,0.487551871,0.524019661,0.497130087,0.416693192,0.312838713,0.212132257,0.12509353,0.059475013,0.020180699,0.003172445,7.11E-05,7.66E-09,0
VTGPVLAELFLGTITK,2,190615_NJ_Taubert_13CT3C.raw,3,C,MAG_1,,108.31-108.69,0.000 ppm,0.485,2.01E-09,0.000397386,0.011923627,0.05729619,0.130220011,0.205824288,0.280320683,0.36378572,0.456220086,0.532189338,0.547250118,0.471176992,0.325274336,0.174497979,0.071200572,0.021119832,0.00399332,0.000372722,9.62E-06,3.77E-09,0
LcTGGAANVR,2,190615_NJ_Taubert_13CT1A.raw,1,A,MAG_1,,22.60-22.88,2.935 ppm,0.601,2.34E-07,1.45E-05,0.00022674,0.001630261,0.00702946,0.021420804,0.051983102,0.109520431,0.209536524,0.365791112,0.57046683,0.768679963,0.860223937,0.764237176,0.510396545,0.237983476,0.069080245,0.010167208,0.00048338,1.77E-06,1.98E-11
LcTGGAANVR,2,190615_NJ_Taubert_13CT1B.raw,1,B,MAG_1,,22.02-22.32,0.000 ppm,0.504,6.99E-09,0.000129749,0.001691147,0.005339767,0.013206272,0.038228123,0.112440459,0.276259757,0.527945121,0.779784745,0.898982356,0.814801146,0.579836135,0.32027725,0.133867229,0.040259815,0.007892109,0.00082164,2.75E-05,5.18E-08,0
LcTGGAANVR,2,190615_NJ_Taubert_13CT1C.raw,1,C,MAG_1,,22.50-22.85,0.000 ppm,0.389,5.02E-08,0.000567328,0.009334452,0.046981137,0.147310173,0.338646413,0.589730973,0.792998683,0.844017331,0.729263932,0.521619213,0.311411465,0.153994421,0.061478615,0.018968017,0.004230123,0.000602449,4.07E-05,5.87E-07,1.39E-10,0
LcTGGAANVR,2,190615_NJ_Taubert_13CT2A.raw,2,A,MAG_1,,21.75-22.15,0.000 ppm,0.646,1.14E-10,2.12E-05,0.000365426,0.001333562,0.003006835,0.006827178,0.017883109,0.04767491,0.113581785,0.230786551,0.400321363,0.598638205,0.770289722,0.834522575,0.728497894,0.478112656,0.211949862,0.05277401,0.004995749,5.64E-05,0
LcTGGAANVR,2,190615_NJ_Taubert_13CT2B.raw,2,B,MAG_1,,22.06-22.45,6.663 ppm,0.545,4.97E-07,8.26E-06,0.000168262,0.001160942,0.0052152,0.019575832,0.062813871,0.165887572,0.351320026,0.593100752,0.80171182,0.8722726,0.763134227,0.530396938,0.285056556,0.112905074,0.030244319,0.004642046,0.000282956,2.72E-06,1.34E-07
LcTGGAANVR,2,190615_NJ_Taubert_13CT2C.raw,2,C,MAG_1,,21.44-21.89,0.000 ppm,0.637,1.43E-10,6.38E-06,0.000161878,0.000986622,0.003498457,0.009714352,0.02392165,0.0547728,0.117354337,0.231361431,0.408343384,0.626274885,0.810195233,0.855594221,0.706134101,0.426275881,0.169040763,0.036412727,0.002864883,2.54E-05,0
LcTGGAANVR,2,190615_NJ_Taubert_13CT3A.raw,3,A,MAG_1,,21.29-21.66,4.897 ppm,0.387,0.001979228,0.00328357,0.021373065,0.098449583,0.250172906,0.432776591,0.588626243,0.683435566,0.702855923,0.643665866,0.519026077,0.362331737,0.215286063,0.107416326,0.044607769,0.01511715,0.003820799,0.000548358,2.44E-05,8.94E-08,0
LcTGGAANVR,2,190615_NJ_Taubert_13CT3B.raw,3,B,MAG_1,,22.60-22.94,7.055 ppm,0.547,5.23E-08,6.17E-05,0.001361992,0.006908203,0.020701709,0.051089685,0.113470948,0.225440364,0.39251748,0.590156018,0.757472095,0.819563507,0.734572728,0.531552281,0.299018456,0.123477858,0.034032739,0.005233528,0.000301071,1.79E-06,0
LcTGGAANVR,2,190615_NJ_Taubert_13CT3C.raw,3,C,MAG_1,,21.90-22.20,0.000 ppm,0.562,8.19E-08,0.000895156,0.012817056,0.047630399,0.099323099,0.157133601,0.220737134,0.298213115,0.39653065,0.510699131,0.617029605,0.676496357,0.65109059,0.53010617,0.348350888,0.172135351,0.056692701,0.010133016,0.000747972,4.66E-05,8.95E-06
NAGNNPNNVADAALGK,2,190615_NJ_Taubert_13CT1A.raw,1,A,MAG_1,,40.70-41.08,0.000 ppm,0.683,1.64E-09,4.61E-06,0.000113334,0.000829942,0.003271948,0.00904779,0.020040019,0.038795664,0.070163022,0.124259678,0.217344501,0.362736283,0.547160456,0.706290869,0.735021485,0.570067163,0.297115026,0.089237648,0.011381994,0.000261973,0
NAGNNPNNVADAALGK,2,190615_NJ_Taubert_13CT1B.raw,1,B,MAG_1,,39.34-39.71,0.000 ppm,0.572,1.32E-12,6.92E-07,3.29E-05,0.000252037,0.001201125,0.005132098,0.01974295,0.065182493,0.175836647,0.374149645,0.618303535,0.789260555,0.774962778,0.581596448,0.329323655,0.136442406,0.038893948,0.006742635,0.000505224,3.86E-06,0
NAGNNPNNVADAALGK,2,190615_NJ_Taubert_13CT1C.raw,1,C,MAG_1,,39.77-40.06,0.000 ppm,0.43,3.56E-10,2.11E-05,0.000814679,0.007432452,0.038649572,0.133053228,0.31838008,0.549238589,0.712651903,0.729108932,0.613242351,0.435589607,0.26217809,0.130109317,0.050307698,0.014025513,0.002485199,0.000203624,3.04E-06,4.94E-10,0
NAGNNPNNVADAALGK,2,190615_NJ_Taubert_13CT2A.raw,2,A,MAG_1,,39.14-39.63,0.000 ppm,0.721,1.22E-13,2.99E-06,0.000204466,0.001071001,0.001944006,0.002456226,0.00389491,0.009356855,0.026046083,0.066435259,0.143715327,0.263617337,0.419246384,0.584780764,0.701757098,0.685488398,0.49652727,0.230247634,0.052596654,0.003110119,3.49E-08
NAGNNPNNVADAALGK,2,190615_NJ_Taubert_13CT2B.raw,2,B,MAG_1,,41.49-42.17,-1.483 ppm,0.609,2.32E-08,4.08E-08,4.45E-06,7.94E-05,0.000496173,0.002184987,0.0086789,0.030941825,0.093154272,0.226809874,0.437466799,0.663595953,0.788266519,0.727013949,0.512043547,0.267847717,0.098832276,0.023019035,0.002592882,5.30E-05,3.77E-14
NAGNNPNNVADAALGK,2,190615_NJ_Taubert_13CT2C.raw,2,C,MAG_1,,38.43-38.85,0.000 ppm,0.701,1.52E-11,1.71E-06,8.82E-05,0.000639574,0.002228095,0.005753571,0.012853472,0.026561498,0.052602604,0.100414726,0.182508112,0.309627026,0.477323227,0.644281737,0.724696171,0.637874567,0.401503681,0.1560941,0.028726724,0.001285061,2.21E-09
NAGNNPNNVADAALGK,2,190615_NJ_Taubert_13CT3B.raw,3,B,MAG_1,,39.89-40.30,4.228 ppm,0.625,2.67E-09,1.71E-06,0.000171589,0.001743835,0.007392984,0.020752612,0.046893743,0.093219793,0.168184862,0.27766728,0.418477734,0.566650544,0.670456547,0.668382281,0.536236618,0.326208528,0.138976979,0.036737859,0.004695661,0.000121717,0
NAGNNPNNVADAALGK,2,190615_NJ_Taubert_13CT3C.raw,3,C,MAG_1,,38.75-39.14,0.000 ppm,0.641,8.05E-11,0.000190344,0.007293024,0.036202154,0.075287205,0.105185505,0.130270467,0.165711211,0.220807101,0.295095092,0.379272606,0.459824426,0.521722607,0.541071951,0.485355414,0.347093424,0.176553326,0.05291062,0.006413548,9.62E-05,3.07E-17
GIFQANNPALGSTFAAFPTQVHK,3,190615_NJ_Taubert_13CT1B.raw,1,B,MAG_1,,81.65-82.06,0.000 ppm,0.641,8.01E-09,1.74E-07,2.10E-05,7.83E-05,6.84E-05,7.20E-05,0.000242897,0.001415428,0.008173231,0.039657011,0.145448793,0.378932713,0.671476822,0.775416716,0.56408849,0.244838485,0.056154773,0.005313878,9.62E-05,9.89E-09,0
GIFQANNPALGSTFAAFPTQVHK,3,190615_NJ_Taubert_13CT1C.raw,1,C,MAG_1,,81.65-82.04,-0.520 ppm,0.519,2.86E-05,4.29E-05,5.12E-05,2.56E-05,0.000305147,0.004377003,0.028119022,0.11204862,0.287287652,0.497675991,0.623487278,0.60769867,0.482505165,0.295337841,0.121453065,0.028404504,0.002839696,6.25E-05,5.57E-08,3.50E-15,0
GIFQANNPALGSTFAAFPTQVHK,3,190615_NJ_Taubert_13CT2A.raw,2,A,MAG_1,,81.77-82.27,0.000 ppm,0.758,6.54E-11,2.29E-07,0.000114408,0.000803734,0.00104297,0.000592993,0.000280572,0.000253755,0.000667119,0.00317166,0.01525601,0.056906644,0.157078064,0.330846624,0.549823047,0.698724403,0.586061519,0.242096296,0.029858626,0.000313612,0
GIFQANNPALGSTFAAFPTQVHK,3,190615_NJ_Taubert_13CT2C.raw,2,C,MAG_1,,81.36-81.92,0.000 ppm,0.74,0,5.49E-09,4.13E-06,3.83E-05,0.000112141,0.000316363,0.000898308,0.002297262,0.005413856,0.012890402,0.031975679,0.079612436,0.187901756,0.389491847,0.639371081,0.7298254,0.483642915,0.143854109,0.012103413,6.89E-05,0
GIFQANNPALGSTFAAFPTQVHK,3,190615_NJ_Taubert_13CT3B.raw,3,B,MAG_1,,81.80-82.21,0.000 ppm,0.689,0,2.98E-10,3.47E-06,0.000101275,0.00050091,0.001576011,0.004194469,0.010447332,0.024850548,0.056390089,0.120245831,0.236394544,0.41738714,0.615223525,0.679275145,0.493731584,0.201093957,0.036504929,0.001888372,2.33E-06,0
GIFQANNPALGSTFAAFPTQVHK,3,190615_NJ_Taubert_13CT3C.raw,3,C,MAG_1,,81.37-81.68,0.000 ppm,0.709,1.00E-16,1.96E-05,0.00242339,0.014028991,0.026849311,0.03450253,0.04201079,0.053595404,0.072665893,0.107374987,0.16292703,0.239185222,0.34067668,0.464075051,0.553160317,0.485783496,0.259808909,0.073990617,0.008002543,2.84E-05,0
TLTIGGGTSDGR,2,190615_NJ_Taubert_13CT1A.raw,1,A,MAG_1,,33.25-33.58,0.000 ppm,0.716,8.27E-08,4.32E-05,9.77E-05,0.000216547,0.000680403,0.002081113,0.005615986,0.013917988,0.032334018,0.070675253,0.144774569,0.273769021,0.465566656,0.687125054,0.839262326,0.795241474,0.534355087,0.22198384,0.044295904,0.002246504,6.51E-08
TLTIGGGTSDGR,2,190615_NJ_Taubert_13CT1B.raw,1,B,MAG_1,,32.30-32.71,0.000 ppm,0.678,1.23E-08,7.36E-05,0.000701848,0.002089867,0.003101313,0.003417413,0.004616731,0.009864065,0.027212363,0.07524919,0.184715329,0.381866322,0.643302511,0.856578106,0.871055914,0.645974696,0.324484624,0.097029649,0.013429152,0.000424995,0
TLTIGGGTSDGR,2,190615_NJ_Taubert_13CT1C.raw,1,C,MAG_1,,32.85-33.15,0.000 ppm,0.558,1.53E-07,0.000398802,0.00277126,0.008460579,0.017444612,0.033290364,0.07040369,0.154558359,0.308177832,0.519068813,0.72161656,0.823565535,0.768058602,0.576879454,0.337590933,0.144799003,0.040797861,0.006103638,0.000293542,8.35E-07,0
TLTIGGGTSDGR,2,190615_NJ_Taubert_13CT2A.raw,2,A,MAG_1,,32.15-32.61,3.506 ppm,0.75,1.17E-07,2.46E-06,6.91E-05,0.000413248,0.00099823,0.001480677,0.001911093,0.002994202,0.00654331,0.017603945,0.048738061,0.12417555,0.274370895,0.506128178,0.753610953,0.870862478,0.73854842,0.41763187,0.129761079,0.013556105,2.15E-05
TLTIGGGTSDGR,2,190615_NJ_Taubert_13CT2B.raw,2,B,MAG_1,,32.75-33.16,1.569 ppm,0.697,8.68E-07,2.20E-06,2.88E-05,0.000189878,0.000679323,0.001819635,0.004459114,0.010946791,0.02726474,0.066740225,0.152877035,0.312100776,0.543747905,0.776689029,0.87345885,0.738139306,0.439830323,0.166355977,0.032484034,0.001965216,1.54E-06
TLTIGGGTSDGR,2,190615_NJ_Taubert_13CT2C.raw,2,C,MAG_1,,31.66-32.03,0.000 ppm,0.719,9.40E-11,1.66E-06,3.20E-05,0.000185713,0.000699018,0.002221045,0.006309495,0.016087677,0.03714511,0.078775401,0.154740027,0.280365342,0.460034067,0.66261159,0.803483716,0.778055498,0.559766874,0.266583046,0.067568823,0.005356412,3.96E-06
TLTIGGGTSDGR,2,190615_NJ_Taubert_13CT3A.raw,3,A,MAG_1,,32.11-32.48,0.336 ppm,0.565,0.004029906,0.001862266,0.002457627,0.01460081,0.056623462,0.139008902,0.248159453,0.355632479,0.440417347,0.499564874,0.539303315,0.560493164,0.55282917,0.499406246,0.389748322,0.241613589,0.106662946,0.028886291,0.003714289,0.00010137,1.90E-15
TLTIGGGTSDGR,2,190615_NJ_Taubert_13CT3B.raw,3,B,MAG_1,,32.99-33.35,0.000 ppm,0.705,8.23E-14,1.63E-06,0.000154143,0.001228967,0.003906283,0.008722179,0.017621426,0.034657342,0.066019278,0.120525096,0.209948415,0.345150719,0.522548787,0.701955526,0.797465053,0.72087001,0.476605246,0.202209607,0.043664944,0.002827121,1.86E-06
TLTIGGGTSDGR,2,190615_NJ_Taubert_13CT3C.raw,3,C,MAG_1,,32.09-32.41,0.000 ppm,0.673,3.75E-08,0.000127454,0.002586783,0.014280115,0.038524479,0.070221593,0.105028903,0.144497721,0.194147184,0.261277322,0.351648894,0.462907318,0.577154842,0.656444768,0.650375548,0.52746431,0.319314417,0.124806218,0.024368769,0.00122885,0
DGYWTPAAAAADK,2,190615_NJ_Taubert_13CT1A.raw,1,A,MAG_3,,57.41-57.80,0.000 ppm,0.918,3.05E-07,0.000175917,1.68E-05,1.19E-06,3.29E-05,0.000361609,0.001106642,0.002125089,0.004342391,0.00840454,0.014693256,0.025604635,0.040464593,0.052079474,0.064986926,0.105128529,0.214375011,0.449533217,0.772974617,0.615793691,0.007104586
DGYWTPAAAAADK,2,190615_NJ_Taubert_13CT1B.raw,1,B,MAG_3,,56.00-56.37,0.000 ppm,0.845,3.33E-09,0.000402427,0.002875888,0.004004285,0.004838897,0.012077744,0.018841848,0.017058704,0.014400302,0.01471662,0.019705749,0.037004778,0.081085547,0.164271131,0.287702562,0.445752696,0.611278476,0.686953416,0.517832581,0.155992585,1.29E-06
DGYWTPAAAAADK,2,190615_NJ_Taubert_13CT1C.raw,1,C,MAG_3,,56.07-56.40,0.000 ppm,0.878,1.16E-07,0.000205403,0.000116344,1.05E-05,3.66E-07,1.71E-06,6.16E-05,0.000606149,0.00230314,0.005031299,0.009216971,0.017321748,0.033164278,0.063645017,0.125705923,0.252417664,0.474311434,0.726469691,0.741502668,0.312781728,0.001601254
DGYWTPAAAAADK,2,190615_NJ_Taubert_13CT2A.raw,2,A,MAG_3,,55.76-56.13,0.000 ppm,0.922,0,5.53E-34,6.11E-23,1.64E-16,2.51E-12,1.68E-09,1.36E-07,2.39E-06,1.37E-05,3.95E-05,0.000106197,0.000370998,0.001307858,0.00427042,0.014117534,0.047165821,0.147891342,0.40407527,0.820493241,0.700714402,0.006321379
DGYWTPAAAAADK,2,190615_NJ_Taubert_13CT2B.raw,2,B,MAG_3,,57.32-57.72,0.000 ppm,0.905,0,9.27E-33,4.14E-22,6.23E-16,6.24E-12,3.05E-09,1.96E-07,3.00E-06,1.58E-05,3.62E-05,4.41E-05,4.32E-05,7.20E-05,0.000436285,0.005012241,0.040425808,0.192428018,0.560643449,0.899502153,0.543827987,0.005483657
DGYWTPAAAAADK,2,190615_NJ_Taubert_13CT2C.raw,2,C,MAG_3,,55.43-55.75,0.000 ppm,0.922,0,4.17E-55,4.78E-39,1.64E-29,9.00E-23,1.02E-17,7.90E-14,8.29E-11,1.79E-08,1.06E-06,2.12E-05,0.000180895,0.000872754,0.003313843,0.012176524,0.043829652,0.144361276,0.402908574,0.817106924,0.707311052,0.006197287
DGYWTPAAAAADK,2,190615_NJ_Taubert_13CT3A.raw,3,A,MAG_3,,57.35-57.82,0.000 ppm,0.92,0,2.88E-37,9.22E-25,2.45E-17,2.48E-12,8.25E-09,2.55E-06,0.000131154,0.00155986,0.005249745,0.005763897,0.002748316,0.001647766,0.003352325,0.010540554,0.035770191,0.127275972,0.39853481,0.82948728,0.680603582,0.005854565
DGYWTPAAAAADK,2,190615_NJ_Taubert_13CT3B.raw,3,B,MAG_3,,56.45-56.80,0.000 ppm,0.931,0,5.45E-30,6.83E-20,3.83E-14,1.57E-10,3.13E-08,7.54E-07,3.55E-06,4.28E-06,1.69E-06,1.04E-06,9.96E-06,0.000123139,0.001038402,0.006158041,0.025431391,0.082627066,0.26517461,0.73121643,0.821387451,0.008862807
DGYWTPAAAAADK,2,190615_NJ_Taubert_13CT3C.raw,3,C,MAG_3,,55.66-55.98,0.000 ppm,0.928,0,7.01E-55,7.63E-39,2.58E-29,1.43E-22,1.68E-17,1.43E-13,1.74E-10,4.73E-08,3.87E-06,0.000118364,0.001610474,0.011266307,0.045961984,0.119835669,0.206949322,0.251248321,0.310834173,0.550427993,0.555699556,0.007121419
NVPLVNLNK,2,190615_NJ_Taubert_13CT1B.raw,1,B,MAG_3,,49.03-49.37,1.994 ppm,0.739,0.000148736,0.009777517,0.036102897,0.060161252,0.075462898,0.088130252,0.104168854,0.126557599,0.156699255,0.196503571,0.248527162,0.313914014,0.390538222,0.471522149,0.539434503,0.559001926,0.489112976,0.326827173,0.14089601,0.025411717,0.000128403
NVPLVNLNK,2,190615_NJ_Taubert_13CT1C.raw,1,C,MAG_3,,49.05-49.42,1.599 ppm,0.796,0.000341057,0.027019248,0.080504676,0.093023041,0.075472798,0.058838303,0.051265782,0.0515661,0.058504917,0.072869311,0.098152195,0.14104399,0.210890051,0.316052836,0.453297212,0.588966838,0.646162664,0.538528706,0.283087622,0.061559456,0.000478577
NVPLVNLNK,2,190615_NJ_Taubert_13CT2A.raw,2,A,MAG_3,,48.90-49.33,0.017 ppm,0.892,2.55E-05,0.000649686,0.001650979,0.002291498,0.002489052,0.00259069,0.002844959,0.003383023,0.004355646,0.006086177,0.009319785,0.015718969,0.028879319,0.056488529,0.114412475,0.231329575,0.440960787,0.719504765,0.842440469,0.46214331,0.008808008
NVPLVNLNK,2,190615_NJ_Taubert_13CT2B.raw,2,B,MAG_3,,51.93-52.21,1.401 ppm,0.861,5.09E-06,0.000472419,0.00185362,0.003038365,0.00352198,0.0037859,0.00443443,0.005982232,0.009132149,0.015063783,0.025571184,0.043545897,0.074621758,0.130067565,0.229726327,0.397685758,0.627691685,0.803343176,0.689628724,0.262275336,0.003776174
NVPLVNLNK,2,190615_NJ_Taubert_13CT2C.raw,2,C,MAG_3,,48.45-48.83,4.762 ppm,0.898,1.65E-05,0.000561891,0.001311862,0.001488037,0.001326596,0.001204007,0.001247373,0.001493241,0.002009382,0.002975048,0.004868775,0.008882653,0.017896679,0.038820919,0.087287019,0.193367722,0.396355496,0.689398118,0.865639197,0.5171844,0.011643986
NVPLVNLNK,2,190615_NJ_Taubert_13CT3B.raw,3,B,MAG_3,,49.49-49.82,2.192 ppm,0.909,7.73E-05,0.001393777,0.002519798,0.003353809,0.003774935,0.003930374,0.004118945,0.004531351,0.005274654,0.006466482,0.008368877,0.011635497,0.017824954,0.030780777,0.060429955,0.131376394,0.293223197,0.591826767,0.87896243,0.610567118,0.013533865
NVPLVNLNK,2,190615_NJ_Taubert_13CT3C.raw,3,C,MAG_3,,48.74-49.04,0.000 ppm,0.915,6.77E-07,0.000752156,0.001775288,0.001708177,0.001228688,0.000906118,0.000787894,0.000785501,0.00083448,0.000971757,0.001357403,0.002311513,0.004635753,0.010787249,0.028317576,0.078996786,0.217075247,0.524322686,0.901208574,0.681281241,0.01477909
STGNWQFR,2,190615_NJ_Taubert_13CT1B.raw,1,B,MAG_3,,40.74-41.20,0.000 ppm,0.871,6.82E-08,0.000306073,0.001114886,0.001047506,0.00051984,0.000248156,0.00024213,0.000400621,0.000728347,0.001784282,0.006532899,0.024263774,0.069576774,0.149387357,0.258554773,0.399163097,0.583329878,0.762214347,0.722300349,0.310135356,0.005446045
STGNWQFR,2,190615_NJ_Taubert_13CT1C.raw,1,C,MAG_3,,41.09-41.48,0.000 ppm,0.893,7.01E-07,0.001624695,0.003992538,0.002807196,0.001308162,0.000729514,0.000704773,0.000948167,0.001395233,0.002515833,0.005964576,0.014844447,0.032239662,0.061119615,0.111320497,0.211760008,0.413024712,0.718006923,0.87172258,0.460500499,0.008499655
STGNWQFR,2,190615_NJ_Taubert_13CT2A.raw,2,A,MAG_3,,40.64-41.05,0.000 ppm,0.925,1.55E-09,8.65E-06,2.43E-05,1.71E-05,7.54E-06,4.01E-06,5.64E-06,2.24E-05,0.000101366,0.000310866,0.000653644,0.001211093,0.00249078,0.005815284,0.014924407,0.043132419,0.135888895,0.399543475,0.847706214,0.805470877,0.025678343
STGNWQFR,2,190615_NJ_Taubert_13CT2B.raw,2,B,MAG_3,,41.71-42.21,0.000 ppm,0.922,1.52E-09,6.88E-06,2.48E-05,2.07E-05,1.00E-05,7.06E-06,1.66E-05,7.64E-05,0.000306533,0.000798781,0.001398104,0.002129189,0.003816807,0.008434438,0.020860607,0.056504343,0.163368623,0.441228952,0.866624194,0.770578905,0.02580127
STGNWQFR,2,190615_NJ_Taubert_13CT2C.raw,2,C,MAG_3,,39.99-40.38,0.000 ppm,0.926,3.04E-09,1.50E-05,3.67E-05,2.24E-05,7.12E-06,2.06E-06,3.35E-06,2.49E-05,0.0001365,0.000393025,0.00065177,0.000842637,0.001337213,0.003179085,0.009888803,0.035135734,0.126444897,0.392589562,0.843510069,0.815374012,0.029903128
STGNWQFR,2,190615_NJ_Taubert_13CT3A.raw,3,A,MAG_3,,41.88-42.28,-3.443 ppm,0.919,1.45E-07,4.34E-08,1.92E-07,2.61E-07,1.55E-07,1.39E-07,3.48E-07,1.00E-06,3.29E-06,1.69E-05,0.00010281,0.00053485,0.002185701,0.007360027,0.022399763,0.066462881,0.19204012,0.488524529,0.88755079,0.733983435,0.019645025
STGNWQFR,2,190615_NJ_Taubert_13CT3B.raw,3,B,MAG_3,,41.13-41.51,0.000 ppm,0.93,2.79E-08,4.53E-05,6.53E-05,2.71E-05,6.46E-06,1.63E-06,1.25E-06,3.81E-06,1.84E-05,8.72E-05,0.000367869,0.001326967,0.003879183,0.009227935,0.019796115,0.045398777,0.122746438,0.35076226,0.793450348,0.852038122,0.034486652
STGNWQFR,2,190615_NJ_Taubert_13CT3C.raw,3,C,MAG_3,,40.11-40.52,0.000 ppm,0.93,1.80E-09,8.63E-06,1.75E-05,7.61E-06,1.55E-06,2.50E-07,4.28E-07,4.82E-06,3.28E-05,0.000115461,0.000256819,0.000492378,0.001042924,0.002528671,0.007013587,0.023425976,0.089512192,0.319824046,0.800735092,0.862987871,0.02892693
VAAAPAPAAATGVKPSGEK,3,190615_NJ_Taubert_13CT1A.raw,1,A,MAG_3,,28.89-29.20,0.000 ppm,0.896,4.62E-06,0.007113263,0.017318638,0.019809597,0.015728928,0.010272087,0.007108208,0.00636792,0.007438715,0.010106579,0.014898828,0.023426647,0.038197597,0.063263207,0.107467998,0.187652855,0.332708297,0.564164747,0.716033714,0.339845,0.000518725
VAAAPAPAAATGVKPSGEK,3,190615_NJ_Taubert_13CT1B.raw,1,B,MAG_3,,27.82-28.12,0.000 ppm,0.785,2.12E-06,0.005682975,0.018122088,0.028508245,0.031371588,0.028067028,0.024357221,0.024267812,0.029414101,0.041084745,0.064582425,0.109552666,0.185239121,0.297461188,0.441623217,0.575570195,0.604999794,0.459482406,0.203897859,0.025733844,0
VAAAPAPAAATGVKPSGEK,3,190615_NJ_Taubert_13CT1C.raw,1,C,MAG_3,,28.29-28.62,1.733 ppm,0.829,1.04E-05,0.00171169,0.002757895,0.003916374,0.005279049,0.005919743,0.006511808,0.008045446,0.011294708,0.017576662,0.029452754,0.051685292,0.093321976,0.170054019,0.297799902,0.473559309,0.639757651,0.654102816,0.400393874,0.079521711,1.50E-05
VAAAPAPAAATGVKPSGEK,3,190615_NJ_Taubert_13CT2A.raw,2,A,MAG_3,,27.62-28.00,0.000 ppm,0.903,5.15E-07,7.81E-05,7.64E-05,4.60E-05,2.56E-05,1.63E-05,1.82E-05,2.87E-05,5.89E-05,0.000170034,0.000587307,0.002043184,0.006504391,0.018247498,0.046124597,0.111320653,0.262138764,0.555212139,0.827060842,0.428806444,0.000557764
VAAAPAPAAATGVKPSGEK,3,190615_NJ_Taubert_13CT2B.raw,2,B,MAG_3,,28.34-28.60,0.000 ppm,0.887,6.24E-10,2.79E-07,1.50E-07,2.59E-07,3.41E-06,1.32E-05,2.74E-05,5.52E-05,0.000143032,0.000432194,0.001311615,0.003601361,0.009174101,0.02338238,0.060916666,0.155161946,0.36092637,0.6793459,0.795258616,0.299817396,0.000315505
VAAAPAPAAATGVKPSGEK,3,190615_NJ_Taubert_13CT2C.raw,2,C,MAG_3,,27.32-27.59,0.000 ppm,0.904,9.20E-08,7.56E-06,1.76E-06,1.51E-06,9.38E-06,2.23E-05,4.06E-05,7.53E-05,0.000144399,0.000323502,0.000862539,0.002384922,0.006231427,0.015754103,0.040517217,0.10455953,0.257019406,0.551777581,0.827302897,0.439254152,0.000824923
VAAAPAPAAATGVKPSGEK,3,190615_NJ_Taubert_13CT3B.raw,3,B,MAG_3,,28.51-28.83,0.000 ppm,0.919,0,3.94E-17,6.66E-11,3.53E-08,4.80E-07,1.01E-06,1.34E-06,2.64E-06,7.23E-06,2.17E-05,6.43E-05,0.000204558,0.000838086,0.00376279,0.014938558,0.049980257,0.148793342,0.399595818,0.80668132,0.611325132,0.00151517
VAAAPAPAAATGVKPSGEK,3,190615_NJ_Taubert_13CT3C.raw,3,C,MAG_3,,27.48-27.80,0.000 ppm,0.92,4.15E-05,0.000870369,5.37E-05,5.45E-06,3.04E-05,3.36E-05,7.21E-06,1.09E-06,1.02E-06,8.07E-07,7.82E-07,9.77E-06,0.000141261,0.001129647,0.005645247,0.022680866,0.089905141,0.332950523,0.829785028,0.63041778,0.001046541
LPGFFENLGHGNVINTAGGGAYGHIDSPAAGAR,4,190615_NJ_Taubert_13CT1B.raw,1,B,MAG_3,,77.47-77.91,0.000 ppm,0.86,1.50E-06,1.11E-05,4.05E-09,3.71E-14,9.98E-12,1.64E-07,2.52E-05,0.000106286,4.32E-05,4.77E-05,0.000154178,0.000850545,0.004288584,0.016499159,0.05215029,0.154750116,0.413881726,0.715864903,0.504460793,0.048723988,0
LPGFFENLGHGNVINTAGGGAYGHIDSPAAGAR,4,190615_NJ_Taubert_13CT1C.raw,1,C,MAG_3,,78.45-78.92,0.000 ppm,0.882,2.31E-06,2.52E-06,8.11E-06,1.12E-05,1.05E-05,3.68E-06,1.28E-05,0.000206826,0.000671579,0.000470331,0.000281516,0.000559489,0.00158443,0.004955867,0.017770678,0.069496049,0.247689198,0.616604459,0.702976844,0.111891873,0
LPGFFENLGHGNVINTAGGGAYGHIDSPAAGAR,4,190615_NJ_Taubert_13CT3C.raw,3,C,MAG_3,,77.29-77.66,0.000 ppm,0.926,0,8.70E-21,1.53E-10,1.19E-06,8.44E-06,9.65E-07,2.78E-06,1.14E-05,2.21E-06,2.78E-08,8.04E-08,6.17E-06,6.19E-05,0.000140278,0.00023211,0.000984235,0.010409808,0.105214172,0.627892707,0.559221893,0
LPGFFENLGHGNVINTAGGGAYGHIDSPAAGAR,4,190615_NJ_Taubert_13CT3B.raw,3,B,MAG_3,,78.08-78.46,0.000 ppm,0.924,5.88E-15,4.61E-05,1.34E-06,1.08E-05,0.000497888,0.000478838,0.000313451,0.000752589,0.000142003,1.60E-06,3.17E-09,5.83E-07,5.32E-05,0.000537157,0.001301396,0.002035702,0.012532824,0.155985693,0.659469999,0.511097087,0
YASGAWDDAAR,2,190615_NJ_Taubert_13CT1B.raw,1,B,MAG_3,,38.08-38.38,0.000 ppm,0.86,8.67E-08,0.000549894,0.001613802,0.001030877,0.000410645,0.000267926,0.000368163,0.00069007,0.001607199,0.004236406,0.010619041,0.023570701,0.048243261,0.096785563,0.192701659,0.36633028,0.615057639,0.80603022,0.679449028,0.242831156,0.003160482
YASGAWDDAAR,2,190615_NJ_Taubert_13CT1C.raw,1,C,MAG_3,,38.51-38.84,0.000 ppm,0.877,1.09E-06,0.002492529,0.005165537,0.002936623,0.001315942,0.000997041,0.00131294,0.00217247,0.003951666,0.007384384,0.013242044,0.022167666,0.036199382,0.063027606,0.122964952,0.255575048,0.499198162,0.780963915,0.782661501,0.318994904,0.003663977
YASGAWDDAAR,2,190615_NJ_Taubert_13CT2A.raw,2,A,MAG_3,,37.96-38.25,0.000 ppm,0.919,1.00E-09,6.98E-06,1.43E-05,6.47E-06,1.46E-06,4.59E-07,8.34E-07,3.53E-06,1.67E-05,7.21E-05,0.000261432,0.000792728,0.002162846,0.005904787,0.017301577,0.054029335,0.167346025,0.452548315,0.861194611,0.713642082,0.014629134
YASGAWDDAAR,2,190615_NJ_Taubert_13CT2B.raw,2,B,MAG_3,,38.74-39.16,0.000 ppm,0.909,1.55E-09,1.35E-05,4.23E-05,2.55E-05,1.05E-05,9.15E-06,1.56E-05,3.15E-05,8.02E-05,0.000249075,0.000778396,0.002248014,0.006110212,0.016130248,0.041954005,0.107950452,0.267486374,0.576523268,0.877492424,0.600089784,0.011900925
YASGAWDDAAR,2,190615_NJ_Taubert_13CT2C.raw,2,C,MAG_3,,37.34-37.67,0.000 ppm,0.927,7.63E-09,2.70E-05,3.92E-05,1.46E-05,5.47E-06,5.80E-06,6.99E-06,6.67E-06,1.11E-05,3.54E-05,0.000122438,0.000380209,0.001084165,0.003001477,0.00874747,0.028969814,0.10512218,0.348952412,0.810052548,0.806998935,0.018590294
YASGAWDDAAR,2,190615_NJ_Taubert_13CT3A.raw,3,A,MAG_3,,39.36-39.76,0.000 ppm,0.912,0,1.05E-19,7.48E-14,6.32E-11,2.01E-09,8.46E-09,8.47E-09,3.24E-09,3.41E-09,6.04E-08,1.54E-06,2.77E-05,0.000330082,0.002676193,0.015393473,0.065712827,0.215722564,0.537918202,0.893862145,0.640465603,0.009213973
YASGAWDDAAR,2,190615_NJ_Taubert_13CT3B.raw,3,B,MAG_3,,38.67-39.02,0.000 ppm,0.922,3.20E-11,3.84E-06,8.23E-06,2.12E-06,3.15E-07,3.07E-07,8.70E-07,3.66E-06,1.67E-05,5.97E-05,0.000195565,0.000673487,0.002238605,0.006609366,0.017947045,0.049997483,0.148996782,0.417087162,0.842539755,0.744721876,0.01708734
YASGAWDDAAR,2,190615_NJ_Taubert_13CT3C.raw,3,C,MAG_3,,37.70-37.96,0.000 ppm,0.928,0,1.90E-16,4.28E-10,8.32E-07,5.11E-05,0.000375938,0.000609695,0.00030429,7.24E-05,4.93E-05,0.000220725,0.001137117,0.004498821,0.01254305,0.024067199,0.040503965,0.097153993,0.315221185,0.78440162,0.792352531,0.015367853
YSALVSAGGVTNK,2,190615_NJ_Taubert_13CT1A.raw,1,A,MAG_2,,42.85-43.11,0.000 ppm,0.951,0,5.34E-101,5.42E-76,1.62E-61,2.50E-51,1.81E-43,4.61E-37,1.19E-31,5.83E-27,7.87E-23,3.77E-19,7.55E-16,7.09E-13,3.36E-10,8.39E-08,1.12E-05,0.000766843,0.025018137,0.319685726,0.991448236,0.029591481
YSALVSAGGVTNK,2,190615_NJ_Taubert_13CT1B.raw,1,B,MAG_2,,41.53-41.87,0.000 ppm,0.952,0,1.73E-98,4.34E-74,5.82E-60,5.21E-50,2.55E-42,4.82E-36,9.85E-31,3.92E-26,4.39E-22,1.74E-18,2.89E-15,2.24E-12,8.64E-10,1.75E-07,1.87E-05,0.001037916,0.028146231,0.319888231,0.995865785,0.036750743
YSALVSAGGVTNK,2,190615_NJ_Taubert_13CT1C.raw,1,C,MAG_2,,41.73-42.01,0.000 ppm,0.952,0,3.87E-101,3.97E-76,1.20E-61,1.86E-51,1.36E-43,3.49E-37,9.10E-32,4.48E-27,6.09E-23,2.94E-19,5.94E-16,5.64E-13,2.71E-10,6.88E-08,9.35E-06,0.000661585,0.022440407,0.301457875,0.990248112,0.035268726
YSALVSAGGVTNK,2,190615_NJ_Taubert_13CT2A.raw,2,A,MAG_2,,41.39-41.68,0.000 ppm,0.948,0,1.81E-93,2.82E-70,7.83E-57,2.45E-47,5.67E-40,6.06E-34,7.73E-29,2.02E-24,1.52E-20,4.07E-17,4.55E-14,2.36E-11,6.12E-09,8.31E-07,6.05E-05,0.002349906,0.046399003,0.403731346,0.997916537,0.025807519
YSALVSAGGVTNK,2,190615_NJ_Taubert_13CT2B.raw,2,B,MAG_2,,42.82-43.06,0.000 ppm,0.952,0,5.43E-81,2.53E-60,2.44E-48,7.75E-40,3.18E-33,7.90E-28,2.59E-23,1.76E-19,3.31E-16,2.08E-13,5.01E-11,5.10E-09,2.44E-07,6.52E-06,0.000130909,0.002512685,0.039899574,0.3542994,0.998440696,0.03888419
YSALVSAGGVTNK,2,190615_NJ_Taubert_13CT2C.raw,2,C,MAG_2,,40.76-41.18,0.000 ppm,0.951,0,2.07E-41,1.80E-29,2.57E-22,1.94E-17,5.79E-14,1.81E-11,1.02E-09,1.42E-08,5.84E-08,7.86E-08,3.52E-08,5.46E-09,4.59E-09,4.54E-07,3.78E-05,0.001663703,0.036779355,0.35753563,0.999518615,0.032663195
YSALVSAGGVTNK,2,190615_NJ_Taubert_13CT3A.raw,3,A,MAG_2,,43.27-43.55,0.000 ppm,0.949,0,1.23E-63,1.68E-46,2.05E-36,3.34E-29,1.19E-23,3.13E-19,1.16E-15,9.03E-13,1.92E-10,1.30E-08,3.07E-07,2.65E-06,8.44E-06,1.34E-05,7.49E-05,0.002121239,0.042998728,0.38934725,0.998405348,0.02805148
YSALVSAGGVTNK,2,190615_NJ_Taubert_13CT3B.raw,3,B,MAG_2,,42.06-42.34,0.000 ppm,0.95,0,1.01E-95,6.13E-72,3.64E-58,1.87E-48,6.11E-41,8.50E-35,1.34E-29,4.26E-25,3.84E-21,1.23E-17,1.63E-14,1.00E-11,3.05E-09,4.80E-07,4.00E-05,0.001745369,0.038050073,0.363370609,0.99969692,0.03222488
YSALVSAGGVTNK,2,190615_NJ_Taubert_13CT3C.raw,3,C,MAG_2,,40.97-41.33,0.000 ppm,0.945,0,9.60E-49,2.79E-35,3.57E-27,1.74E-21,2.81E-17,4.26E-14,1.10E-11,6.93E-10,1.33E-08,8.89E-08,2.33E-07,2.95E-07,4.46E-07,4.21E-06,0.000134398,0.003848817,0.062943338,0.469413512,0.984868819,0.019757713
SLSDIGSETPTNVGQGFGLAVSHPLYAELQK,3,190615_NJ_Taubert_13CT1B.raw,1,B,MAG_2,,89.18-89.55,0.000 ppm,0.951,0,1.93E-242,7.68E-177,4.30E-139,8.80E-113,9.14E-93,9.48E-77,1.64E-63,2.56E-52,1.05E-42,2.30E-34,4.25E-27,8.69E-21,2.27E-15,7.72E-11,3.07E-07,0.000113882,0.004317091,0.114513978,0.960480584,0.000592444
SLSDIGSETPTNVGQGFGLAVSHPLYAELQK,3,190615_NJ_Taubert_13CT1C.raw,1,C,MAG_2,,89.42-89.79,0.000 ppm,0.95,0,8.76E-273,5.02E-202,4.14E-161,1.92E-132,1.62E-110,7.09E-93,3.27E-78,9.62E-66,5.76E-55,1.55E-45,3.29E-37,8.13E-30,3.05E-23,2.02E-17,2.51E-12,5.66E-08,0.000198317,0.073580619,0.995795206,0
SLSDIGSETPTNVGQGFGLAVSHPLYAELQK,3,190615_NJ_Taubert_13CT2A.raw,2,A,MAG_2,,89.88-90.36,0.000 ppm,0.947,0,5.22E-272,3.12E-201,2.70E-160,1.31E-131,1.16E-109,5.35E-92,2.59E-77,7.98E-65,4.97E-54,1.38E-44,2.98E-36,7.38E-29,2.70E-22,1.67E-16,1.78E-11,2.98E-07,0.000627106,0.121009161,0.987670042,5.95E-05
SLSDIGSETPTNVGQGFGLAVSHPLYAELQK,3,190615_NJ_Taubert_13CT2C.raw,2,C,MAG_2,,89.58-90.02,0.000 ppm,0.95,0,1.58E-272,9.52E-202,8.29E-161,4.07E-132,3.65E-110,1.70E-92,8.37E-78,2.62E-65,1.66E-54,4.71E-45,1.04E-36,2.65E-29,1.00E-22,6.49E-17,7.39E-12,1.36E-07,0.000337895,0.085231369,0.998448492,0.000141958
SLSDIGSETPTNVGQGFGLAVSHPLYAELQK,3,190615_NJ_Taubert_13CT3C.raw,3,C,MAG_2,,88.91-89.34,0.000 ppm,0.944,0,6.79E-272,4.06E-201,3.50E-160,1.70E-131,1.51E-109,6.97E-92,3.39E-77,1.05E-64,6.57E-54,1.84E-44,4.02E-36,1.01E-28,3.76E-22,2.38E-16,2.61E-11,4.49E-07,0.000951287,0.164112183,0.94901996,5.55E-05
DGSLFGAPANSVIK,2,190615_NJ_Taubert_13CT1A.raw,1,A,MAG_2,,74.89-75.23,0.000 ppm,0.95,0,1.12E-84,2.49E-62,2.09E-49,2.89E-40,3.46E-33,1.88E-27,1.08E-22,1.07E-18,2.44E-15,1.59E-12,3.31E-10,2.35E-08,5.79E-07,5.21E-06,3.21E-05,0.000687657,0.022197167,0.309559728,0.997991622,0.018507674
DGSLFGAPANSVIK,2,190615_NJ_Taubert_13CT1B.raw,1,B,MAG_2,,70.53-70.84,0.000 ppm,0.953,0,1.40E-112,1.36E-84,2.14E-68,5.26E-57,3.13E-48,4.29E-41,4.47E-35,7.13E-30,2.69E-25,3.18E-21,1.42E-17,2.75E-14,2.48E-11,1.11E-08,2.47E-06,0.000270912,0.013400418,0.246027183,0.986803189,0.017550469
DGSLFGAPANSVIK,2,190615_NJ_Taubert_13CT1C.raw,1,C,MAG_2,,70.39-70.74,0.000 ppm,0.95,0,2.10E-112,1.99E-84,3.07E-68,7.39E-57,4.32E-48,5.83E-41,6.00E-35,9.46E-30,3.53E-25,4.13E-21,1.83E-17,3.47E-14,3.10E-11,1.36E-08,2.98E-06,0.000320545,0.015457359,0.271803837,0.984697228,0.007509078
DGSLFGAPANSVIK,2,190615_NJ_Taubert_13CT2A.raw,2,A,MAG_2,,70.15-70.63,0.000 ppm,0.948,0,1.40E-84,3.11E-62,2.62E-49,3.62E-40,4.33E-33,2.36E-27,1.36E-22,1.35E-18,3.12E-15,2.06E-12,4.39E-10,3.27E-08,8.89E-07,9.84E-06,8.06E-05,0.001486188,0.034698856,0.375725341,0.995336316,0.016389924
DGSLFGAPANSVIK,2,190615_NJ_Taubert_13CT2B.raw,2,B,MAG_2,,74.95-75.35,0.000 ppm,0.951,0,3.08E-109,6.79E-82,4.41E-66,5.77E-55,2.13E-46,2.00E-39,1.53E-33,1.86E-28,5.45E-24,5.00E-20,1.72E-16,2.52E-13,1.69E-10,5.44E-08,8.58E-06,0.000651649,0.022444047,0.301734534,0.997843634,0.021054436
DGSLFGAPANSVIK,2,190615_NJ_Taubert_13CT2C.raw,2,C,MAG_2,,69.74-70.20,0.000 ppm,0.95,0,5.16E-109,1.12E-81,7.22E-66,9.33E-55,3.40E-46,3.17E-39,2.40E-33,2.88E-28,8.33E-24,7.55E-20,2.56E-16,3.67E-13,2.40E-10,7.51E-08,1.14E-05,0.000822558,0.026478848,0.327465439,0.999463826,0.022569607
DGSLFGAPANSVIK,2,190615_NJ_Taubert_13CT3A.raw,3,A,MAG_2,,76.26-76.66,0.000 ppm,0.948,0,3.05E-101,8.17E-76,3.89E-61,8.25E-51,7.84E-43,2.53E-36,7.81E-31,4.15E-26,5.50E-22,2.32E-18,3.76E-15,2.69E-12,9.60E-10,1.85E-07,2.00E-05,0.001167185,0.033174787,0.372133274,0.996134735,0.015149352
DGSLFGAPANSVIK,2,190615_NJ_Taubert_13CT3B.raw,3,B,MAG_2,,70.55-71.03,0.000 ppm,0.95,0,1.72E-22,8.01E-15,7.74E-11,1.36E-08,2.47E-07,1.07E-06,1.54E-06,9.38E-07,8.19E-07,3.10E-06,9.13E-06,1.10E-05,6.07E-06,4.50E-06,5.28E-05,0.001586412,0.033319756,0.348914574,0.999522057,0.02113031
DGSLFGAPANSVIK,2,190615_NJ_Taubert_13CT3C.raw,3,C,MAG_2,,69.80-70.26,0.000 ppm,0.944,0,1.38E-83,7.74E-62,3.05E-49,2.57E-40,2.10E-33,8.18E-28,3.45E-23,2.55E-19,4.51E-16,2.36E-13,4.29E-11,3.12E-09,1.15E-07,3.18E-06,9.72E-05,0.002811269,0.052134838,0.44471771,0.982084092,0.012675999
IVLSGATAPDGFIESSVK,2,190615_NJ_Taubert_13CT1B.raw,1,B,MAG_4,,74.33-74.57,0.000 ppm,0.952,0,1.34E-144,8.91E-108,1.65E-86,1.32E-71,3.53E-60,6.08E-51,3.30E-43,1.45E-36,9.26E-31,1.26E-25,4.72E-21,5.75E-17,2.54E-13,4.33E-10,2.94E-07,7.76E-05,0.00741111,0.210764184,0.996737447,0.006215832
IVLSGATAPDGFIESSVK,2,190615_NJ_Taubert_13CT1C.raw,1,C,MAG_4,,74.22-74.51,0.000 ppm,0.95,0,5.75E-92,6.75E-66,5.62E-51,1.50E-40,1.29E-32,2.41E-26,2.63E-21,2.99E-17,5.13E-14,1.65E-11,1.13E-09,1.69E-08,5.38E-08,4.70E-08,9.52E-07,0.000156321,0.011081153,0.252161895,0.99963341,0.006039718
IVLSGATAPDGFIESSVK,2,190615_NJ_Taubert_13CT2A.raw,2,A,MAG_4,,74.22-74.53,0.000 ppm,0.948,0,1.51E-80,2.71E-56,2.21E-42,1.18E-32,2.70E-25,1.54E-19,5.69E-15,2.42E-11,1.73E-08,2.69E-06,0.000111183,0.001413517,0.006457427,0.012851826,0.013838988,0.010681065,0.025006261,0.284292147,0.979661979,0.00430677
IVLSGATAPDGFIESSVK,2,190615_NJ_Taubert_13CT2C.raw,2,C,MAG_4,,73.73-74.05,0.000 ppm,0.95,0,4.45E-87,3.17E-62,5.48E-48,4.89E-38,1.69E-30,1.36E-24,6.71E-20,3.53E-16,2.82E-13,4.30E-11,1.43E-09,1.21E-08,3.77E-08,1.00E-07,1.39E-06,0.000152846,0.010728323,0.248058663,0.999903526,0.006050003
IVLSGATAPDGFIESSVK,2,190615_NJ_Taubert_13CT3B.raw,3,B,MAG_4,,74.49-74.78,0.000 ppm,0.949,0,4.65E-110,2.86E-80,3.23E-63,2.56E-51,3.26E-42,6.81E-35,7.48E-29,8.33E-24,1.41E-19,4.75E-16,3.75E-13,7.69E-11,4.35E-09,8.38E-08,2.05E-06,0.000181074,0.01169102,0.258924856,0.999380637,0.005218846
IVLSGATAPDGFIESSVK,2,190615_NJ_Taubert_13CT3C.raw,3,C,MAG_4,,73.86-74.18,0.000 ppm,0.943,0,2.44E-12,3.32E-09,8.91E-09,1.19E-09,2.25E-11,9.34E-14,1.10E-16,1.22E-15,1.90E-12,6.17E-10,4.90E-08,1.12E-06,9.17E-06,3.92E-05,0.000135313,0.000965709,0.02401065,0.36557667,0.968750145,0.002852176
AGIPGVTAGTPILFVK,2,190615_NJ_Taubert_13CT1B.raw,1,B,MAG_4,,86.53-86.80,0.000 ppm,0.952,0,2.21E-131,4.01E-98,6.67E-79,2.08E-65,4.97E-55,1.32E-46,1.62E-39,2.07E-33,4.60E-28,2.46E-23,3.91E-19,2.16E-15,4.54E-12,3.87E-09,1.38E-06,0.000204544,0.012052237,0.244178764,0.997765365,0.010488331
AGIPGVTAGTPILFVK,2,190615_NJ_Taubert_13CT1C.raw,1,C,MAG_4,,86.39-86.75,0.000 ppm,0.95,9.68E-09,5.68E-08,1.30E-10,2.41E-10,1.65E-08,7.17E-08,4.19E-08,4.88E-09,1.37E-10,9.87E-13,1.81E-15,7.04E-18,1.20E-14,1.76E-11,1.07E-08,2.83E-06,0.00032793,0.015986729,0.280053686,0.999838267,0.008206652
AGIPGVTAGTPILFVK,2,190615_NJ_Taubert_13CT2A.raw,2,A,MAG_4,,86.38-86.77,0.000 ppm,0.948,6.91E-09,4.05E-08,9.41E-11,3.01E-10,2.08E-08,9.24E-08,7.67E-08,9.98E-08,2.64E-07,2.39E-07,5.23E-08,2.65E-09,2.92E-11,1.61E-11,1.01E-08,2.98E-06,0.000369111,0.018317263,0.308501542,0.996306814,0.006538842
AGIPGVTAGTPILFVK,2,190615_NJ_Taubert_13CT2C.raw,2,C,MAG_4,,86.12-86.51,0.000 ppm,0.95,0,1.10E-11,2.57E-09,1.02E-08,1.82E-08,1.37E-08,1.89E-08,4.33E-08,5.66E-08,3.37E-08,8.12E-09,6.45E-10,1.40E-11,1.96E-11,1.05E-08,2.75E-06,0.000318941,0.015702304,0.278046081,0.999897732,0.008206494
AGIPGVTAGTPILFVK,2,190615_NJ_Taubert_13CT3B.raw,3,B,MAG_4,,86.48-86.88,0.000 ppm,0.949,1.84E-10,1.08E-09,2.40E-12,2.43E-13,3.96E-10,3.39E-08,3.34E-07,6.37E-07,3.54E-07,1.36E-07,1.34E-07,1.77E-07,1.18E-07,2.92E-08,2.12E-08,2.90E-06,0.000335526,0.016505308,0.2879147,0.999456986,0.007888409
AGIPGVTAGTPILFVK,2,190615_NJ_Taubert_13CT3C.raw,3,C,MAG_4,,86.08-86.46,0.000 ppm,0.944,1.87E-10,1.10E-09,2.43E-12,2.72E-15,1.87E-12,8.49E-10,3.23E-08,1.83E-07,2.13E-07,5.94E-08,4.20E-09,7.31E-11,6.46E-13,9.05E-11,4.31E-08,8.83E-06,0.000787102,0.02938793,0.387407042,0.97300891,0.004113828
NANVTNPQGDVITPLGGVK,2,190615_NJ_Taubert_13CT1B.raw,1,B,MAG_4,,61.50-61.79,0.000 ppm,0.952,0,5.10E-147,1.51E-109,6.84E-88,1.04E-72,4.48E-61,1.13E-51,8.24E-44,4.60E-37,3.58E-31,5.78E-26,2.52E-21,3.51E-17,1.75E-13,3.34E-10,2.49E-07,7.09E-05,0.007134658,0.208797079,0.996952662,0.007754203
NANVTNPQGDVITPLGGVK,2,190615_NJ_Taubert_13CT1C.raw,1,C,MAG_4,,61.43-61.75,0.000 ppm,0.95,0,1.79E-144,1.61E-107,3.75E-86,3.56E-71,1.07E-59,1.99E-50,1.13E-42,5.07E-36,3.23E-30,4.30E-25,1.54E-20,1.74E-16,6.95E-13,1.04E-09,6.02E-07,0.000132247,0.010416831,0.248823195,0.999802225,0.00587519
NANVTNPQGDVITPLGGVK,2,190615_NJ_Taubert_13CT2A.raw,2,A,MAG_4,,61.21-61.53,0.000 ppm,0.948,0,4.95E-144,3.38E-107,6.40E-86,5.21E-71,1.40E-59,2.40E-50,1.29E-42,5.53E-36,3.41E-30,4.44E-25,1.56E-20,1.76E-16,7.06E-13,1.08E-09,6.41E-07,0.000145803,0.011736184,0.273588319,0.996185447,0.004436054
NANVTNPQGDVITPLGGVK,2,190615_NJ_Taubert_13CT2B.raw,2,B,MAG_4,,65.33-65.91,0.000 ppm,0.953,0,1.66E-125,1.30E-92,9.37E-74,1.29E-60,1.38E-50,1.66E-42,8.72E-36,4.29E-30,3.12E-25,4.43E-21,1.49E-17,1.36E-14,4.39E-12,1.01E-09,3.19E-07,7.51E-05,0.007149768,0.204951392,0.993558656,0.01337806
NANVTNPQGDVITPLGGVK,2,190615_NJ_Taubert_13CT2C.raw,2,C,MAG_4,,60.78-61.07,0.000 ppm,0.95,0,1.06E-92,1.14E-66,8.48E-52,2.01E-41,1.50E-33,2.43E-27,2.27E-22,2.19E-18,3.13E-15,8.26E-13,4.54E-11,5.37E-10,1.36E-09,3.63E-09,7.01E-07,0.000136657,0.010274073,0.245639902,0.999869841,0.006015405
NANVTNPQGDVITPLGGVK,2,190615_NJ_Taubert_13CT3B.raw,3,B,MAG_4,,61.71-62.08,0.000 ppm,0.949,2.33E-10,3.96E-10,3.67E-13,2.89E-16,2.40E-13,3.30E-11,3.94E-10,9.15E-10,7.30E-10,2.18E-10,1.87E-11,3.65E-13,2.94E-15,1.11E-12,1.43E-09,7.21E-07,0.000143859,0.010786018,0.25323985,0.999472541,0.005424971
NANVTNPQGDVITPLGGVK,2,190615_NJ_Taubert_13CT3C.raw,3,C,MAG_4,,61.01-61.35,1.930 ppm,0.957,4.73E-08,5.12E-10,1.12E-12,6.89E-16,1.59E-19,2.59E-23,1.09E-19,5.80E-16,3.51E-13,3.32E-11,5.90E-10,2.11E-09,1.51E-09,2.28E-10,2.01E-09,7.54E-07,0.000124421,0.008144291,0.186321682,0.936347994,0.054485455
NANVTNPQGDVITPLGGVK,2,190615_NJ_Taubert_13CT3A.raw,3,A,MAG_4,,66.95-67.69,0.000 ppm,0.947,0,3.84E-145,4.41E-108,1.23E-86,1.34E-71,4.54E-60,9.39E-51,5.87E-43,2.86E-36,1.97E-30,2.83E-25,1.10E-20,1.35E-16,5.93E-13,9.81E-10,6.24E-07,0.000148762,0.012229888,0.28306127,0.992754828,0.002864025
NANVTNPQGDVITPLGGVK,2,190615_NJ_Taubert_13CT1A.raw,1,A,MAG_4,,65.08-65.72,0.000 ppm,0.949,0,9.22E-57,6.36E-39,1.22E-28,1.08E-21,8.88E-17,2.79E-13,7.32E-11,2.52E-09,1.48E-08,1.68E-08,4.11E-09,8.21E-10,2.32E-09,7.83E-09,6.05E-07,0.000129427,0.01049072,0.251923993,0.999506646,0.006197623
VYDYFcPTK,2,190615_NJ_Taubert_13CT1A.raw,1,A,MAG_4,,55.11-55.73,0.000 ppm,0.951,0,3.03E-80,1.27E-59,9.86E-48,2.30E-39,6.61E-33,1.17E-27,2.90E-23,1.59E-19,2.58E-16,1.51E-13,3.61E-11,3.91E-09,2.14E-07,6.84E-06,0.000160865,0.003221449,0.048108119,0.385814712,0.998520809,0.054293654
VYDYFcPTK,2,190615_NJ_Taubert_13CT1B.raw,1,B,MAG_4,,53.20-53.49,0.000 ppm,0.952,0,3.18E-43,1.16E-30,3.26E-23,5.08E-18,3.35E-14,2.41E-11,3.22E-09,1.08E-07,1.10E-06,3.78E-06,4.69E-06,2.81E-06,3.07E-06,1.39E-05,0.00014025,0.002616768,0.041601477,0.353692257,0.995167882,0.047353978
VYDYFcPTK,2,190615_NJ_Taubert_13CT1C.raw,1,C,MAG_4,,53.22-53.60,0.000 ppm,0.951,0,9.16E-48,3.85E-34,4.32E-26,2.01E-20,3.52E-16,6.36E-13,2.06E-10,1.68E-08,4.22E-07,3.70E-06,1.20E-05,1.46E-05,6.79E-06,4.35E-06,8.34E-05,0.002575688,0.044774081,0.376086561,0.998287513,0.041116455
VYDYFcPTK,2,190615_NJ_Taubert_13CT2A.raw,2,A,MAG_4,,52.99-53.41,0.000 ppm,0.948,0,3.61E-84,6.64E-63,1.25E-50,5.49E-42,2.60E-35,7.12E-30,2.67E-25,2.24E-21,5.73E-18,5.55E-15,2.36E-12,4.96E-10,5.66E-08,3.78E-06,0.000155718,0.00397685,0.059209374,0.434038882,0.996788279,0.036074878
VYDYFcPTK,2,190615_NJ_Taubert_13CT2B.raw,2,B,MAG_4,,55.50-56.10,0.000 ppm,0.952,0,6.76E-89,2.15E-66,2.10E-53,2.81E-44,3.04E-37,1.61E-31,1.06E-26,1.50E-22,6.24E-19,9.58E-16,6.28E-13,1.95E-10,3.09E-08,2.61E-06,0.000122513,0.003260794,0.049051993,0.37856573,0.997382779,0.052950048
VYDYFcPTK,2,190615_NJ_Taubert_13CT2C.raw,2,C,MAG_4,,52.61-53.03,0.000 ppm,0.95,0,1.53E-49,6.34E-36,6.99E-28,3.17E-22,5.36E-18,9.20E-15,2.79E-12,2.06E-10,4.56E-09,3.36E-08,8.64E-08,8.14E-08,7.49E-08,1.75E-06,9.25E-05,0.002908809,0.04926256,0.395531454,0.999846219,0.043736961
VYDYFcPTK,2,190615_NJ_Taubert_13CT3A.raw,3,A,MAG_4,,56.37-56.96,0.336 ppm,0.947,0.000175049,1.27E-05,1.46E-07,9.71E-08,5.03E-07,1.62E-06,1.63E-05,0.000110469,0.000254272,0.000206428,6.74E-05,1.27E-05,2.96E-06,1.06E-06,3.01E-06,0.000120112,0.00378772,0.061337522,0.446007035,0.992808439,0.042892342
VYDYFcPTK,2,190615_NJ_Taubert_13CT3B.raw,3,B,MAG_4,,53.54-53.90,0.000 ppm,0.949,0,1.82E-50,7.54E-37,8.31E-29,3.77E-23,6.38E-19,1.09E-15,3.31E-13,2.45E-11,5.42E-10,3.99E-09,1.04E-08,1.18E-08,4.51E-08,2.24E-06,0.000110187,0.003228643,0.052351654,0.407546317,0.999719526,0.041115192
VYDYFcPTK,2,190615_NJ_Taubert_13CT3C.raw,3,C,MAG_4,,52.65-53.12,0.000 ppm,0.944,0,9.28E-83,4.00E-62,3.37E-50,8.84E-42,2.99E-35,6.52E-30,2.09E-25,1.60E-21,4.01E-18,4.03E-15,1.89E-12,4.59E-10,6.16E-08,4.75E-06,0.0002134,0.005505565,0.077151182,0.504689921,0.980890779,0.026562492
